﻿<configs>

<!-- DCLXVI Zeus mods are not visible as they attach to the hidden weapon and does not align -->

	<append xpath="/item_modifiers/item_modifier[@name='modGunScopeSmall']/effect_group[@name='external attachment prefab (old way)']">
		<requirement name="!HoldingItemHasTags" tags="gunRifleT3DCLXVIZeus"/>
	</append>
	<append xpath="/item_modifiers/item_modifier[@name='modGunScopeMedium']/effect_group[@name='external attachment prefab (old way)']">
		<requirement name="!HoldingItemHasTags" tags="gunRifleT3DCLXVIZeus"/>
	</append>
	<append xpath="/item_modifiers/item_modifier[@name='modGunScopeLarge']/effect_group[@name='external attachment prefab (old way)']">
		<requirement name="!HoldingItemHasTags" tags="gunRifleT3DCLXVIZeus"/>
	</append>
	
<!-- SMG Custom Small Scope does not rig and hidden for convenience -->	
	
	<append xpath="/item_modifiers/item_modifier[@name='modGunScopeSmall']/effect_group[@name='external attachment prefab (old way)']">
		<requirement name="!HoldingItemHasTags" tags="gunPP-19Bizon"/>
	</append>
	<append xpath="/item_modifiers/item_modifier[@name='modGunReflexSight']/effect_group[@name='external attachment prefab (old way)']">
		<requirement name="!HoldingItemHasTags" tags="gunPP-19Bizon"/>
	</append>

	<append xpath="/item_modifiers/item_modifier[@name='modGunLaserSight']">
		<item_property_overrides name="gunPP-19Bizon">
			<property name="SideOffset" value="0,.0108,.0148"/>
			<property name="SideScale" value="1.25,1.25,1.25"/>
		</item_property_overrides>
	</append>
	<append xpath="/item_modifiers/item_modifier[@name='modGunFlashlight']">
		<item_property_overrides name="gunPP-19Bizon">
			<property name="SideOffset" value="0,.0065,0"/>
			<property name="SideScale" value="1.5,1.5,1.5"/>
		</item_property_overrides>
	</append>
	
	<append xpath="/item_modifiers">
	
	<item_modifier name="Cow Helmet" installable_tags="head" modifier_tags="dye" blocked_tags="noMods,clothing" type="attachment">
		<property name="CustomIcon" value="decoCowSkull"/>
		<property name="Stacknumber" value="1"/>
		<property name="DescriptionKey" value="Cow HelmetDesc"/>		
			<property name="Group" value="Mods"/>
			<property name="DropMeshfile" value="@:Other/Items/Misc/sack_droppedPrefab.prefab"/>
			<property name="EconomicValue" value="440"/>
			<effect_group tiered="false">
				<triggered_effect trigger="onSelfEquipStart" action="AttachPrefabToEntity" prefab="Entities/OutdoorDecor/cowSkullPrefab" parent_transform="Head" local_offset="-0.44,0,0.04" local_rotation="0,0,90">
					<requirement name="!IsFPV"/>
				</triggered_effect>
				<triggered_effect trigger="onSelfEquipStart" action="RemovePrefabFromEntity" prefab="Entities/OutdoorDecor/cowSkullPrefab">
					<requirement name="IsFPV"/>
				</triggered_effect>
				<triggered_effect trigger="onSelfEquipStop" action="RemovePrefabFromEntity" prefab="Entities/OutdoorDecor/cowSkullPrefab"/>
			</effect_group>
			<effect_group tiered="false">
			<passive_effect name="AttributeLevel" tags="attStrength" operation="base_add" value="1"/>
			<passive_effect name="PhysicalDamageResist" operation="base_add" value="1"/>
			<passive_effect name="HypothermalResist" operation="base_add" value="10.5,13.2"/>
			<passive_effect name="HyperthermalResist" operation="base_add" value="1.5,2.5"/>
			<passive_effect name="ElementalDamageResist" operation="base_add" value="1" tags="heat,electrical"/>
			<passive_effect name="AttributeLevel" tags="attFortitude" operation="base_add" value="1"/>
			<passive_effect name="AttributeLevel" tags="attAgility" operation="base_add" value="1"/>
		</effect_group>
	</item_modifier>
	
	<item_modifier name="Pumpkin Hat" installable_tags="head" modifier_tags="dye" blocked_tags="noMods,clothing" type="attachment">
			<property name="CustomIcon" value="decoPumpkinJackOLantern"/>
			<property name="Stacknumber" value="1"/>
		<property name="DescriptionKey" value="Pumpkin HatDesc"/>			
			<property name="Group" value="Mods"/>
			<property name="DropMeshfile" value="@:Other/Items/Misc/sack_droppedPrefab.prefab"/>
			<property name="EconomicValue" value="440"/>
			<effect_group tiered="false">
				<triggered_effect trigger="onSelfEquipStart" action="AttachPrefabToEntity" prefab="Entities/Plants/pumpkinJackoLanternPrefab" parent_transform="Head" local_offset="-0.45,0,0" local_rotation="0,0,90">
					<requirement name="!IsFPV"/>
				</triggered_effect>
				<triggered_effect trigger="onSelfEquipStart" action="RemovePrefabFromEntity" prefab="Entities/Plants/pumpkinJackoLanternPrefab">
					<requirement name="IsFPV"/>
				</triggered_effect>
				<triggered_effect trigger="onSelfEquipStop" action="RemovePrefabFromEntity" prefab="Entities/Plants/pumpkinJackoLanternPrefab"/>
			</effect_group>
			<effect_group tiered="false">
			<passive_effect name="NoiseMultiplier" operation="perc_add" value="-.08"/><display_value name="dNoiseMultiplier" value="-.08"/>
			<passive_effect name="PhysicalDamageResist" operation="base_add" value="1"/>
			<passive_effect name="AttributeLevel" tags="attStrength" operation="base_add" value="1"/>
			<passive_effect name="HypothermalResist" operation="base_add" value="10.5,13.2"/>
			<passive_effect name="HyperthermalResist" operation="base_add" value="1.5,2.5"/>
			<passive_effect name="ElementalDamageResist" operation="base_add" value="1" tags="heat,electrical"/>
			<passive_effect name="AttributeLevel" tags="attFortitude" operation="base_add" value="1"/>
			<passive_effect name="AttributeLevel" tags="attAgility" operation="base_add" value="1"/>
		</effect_group>
	</item_modifier>	
	
	<item_modifier name="Magnet Hat" installable_tags="head" modifier_tags="dye" blocked_tags="noMods,clothing" type="attachment">
		<property name="CustomIcon" value="decoHoistMagnet"/>
		<property name="DescriptionKey" value="Magnet HatDesc"/>		
		<property name="Stacknumber" value="1"/>
			<property name="Group" value="Mods"/>
			<property name="DropMeshfile" value="@:Other/Items/Misc/sack_droppedPrefab.prefab"/>
			<property name="EconomicValue" value="440"/>
			<effect_group tiered="false">
				<triggered_effect trigger="onSelfEquipStart" action="AttachPrefabToEntity" prefab="Entities/Industrial/hoistMagnetPrefab" parent_transform="Head" local_offset="0.13,0,0" local_rotation="0,0,-90">
					<requirement name="!IsFPV"/>
				</triggered_effect>
				<triggered_effect trigger="onSelfEquipStart" action="RemovePrefabFromEntity" prefab="Entities/Industrial/hoistMagnetPrefab">
					<requirement name="IsFPV"/>
				</triggered_effect>
				<triggered_effect trigger="onSelfEquipStop" action="RemovePrefabFromEntity" prefab="Entities/Industrial/hoistMagnetPrefab"/>
			</effect_group>
			<effect_group tiered="false">
			<triggered_effect trigger="onSelfEquipStart" action="AddBuff" buff="buffImpactBracing"/>
			<triggered_effect trigger="onSelfEquipStop" action="RemoveBuff" buff="buffImpactBracing"/>
			<passive_effect name="AttributeLevel" tags="attStrength" operation="base_add" value="2"/>
		</effect_group>
	</item_modifier>
	
	<item_modifier name="WagonWheel" installable_tags="head" modifier_tags="dye" blocked_tags="noMods,clothing" type="attachment">
		<property name="CustomIcon" value="decoWildWestWagonWheelBack"/>
		<property name="Stacknumber" value="1"/>
		<property name="DescriptionKey" value="WagonWheelDesc"/>		
		<property name="Group" value="Mods"/>
			<property name="DropMeshfile" value="@:Other/Items/Misc/sack_droppedPrefab.prefab"/>
			<property name="EconomicValue" value="440"/>
			<effect_group tiered="false">
				<triggered_effect trigger="onSelfEquipStart" action="AttachPrefabToEntity" prefab="Entities/OutdoorDecor/wildWestWagonWheelBackPrefab" parent_transform="Head" local_offset="0,0,0.1" local_rotation="0,0,-90">
					<requirement name="!IsFPV"/>
				</triggered_effect>
				<triggered_effect trigger="onSelfEquipStart" action="RemovePrefabFromEntity" prefab="Entities/OutdoorDecor/wildWestWagonWheelBackPrefab">
					<requirement name="IsFPV"/>
				</triggered_effect>
				<triggered_effect trigger="onSelfEquipStop" action="RemovePrefabFromEntity" prefab="Entities/OutdoorDecor/wildWestWagonWheelBackPrefab"/>
			</effect_group>
			<effect_group tiered="false">
			<passive_effect name="BarteringBuying" operation="base_add" value=".05"/>
		<passive_effect name="BarteringSelling" operation="base_add" value=".05"/>
			<passive_effect name="AttributeLevel" tags="attStrength" operation="base_add" value="2"/>
			<passive_effect name="StaminaChangeOT" operation="perc_add" value=".2" tags="running"/><display_value name="dStaminaRegen" value=".2"/>
		</effect_group>
	</item_modifier>

	<item_modifier name="Rabbit Friend" installable_tags="head" modifier_tags="dye" blocked_tags="noMods,clothing" type="attachment">
        <property name="CustomIcon" value="sleeperRabbitAnimal"/>
		<property name="DescriptionKey" value="Rabbit FriendDesc"/>		
        <property name="Stacknumber" value="1"/>
            <property name="Group" value="Mods"/>
            <property name="DropMeshfile" value="@:Other/Items/Misc/sack_droppedPrefab.prefab"/>
            <property name="EconomicValue" value="440"/>
            <effect_group tiered="false">
                <triggered_effect trigger="onSelfEquipStart" action="AttachPrefabToEntity" prefab="Entities/Animals/Rabbit/RABBIT" parent_transform="Head" local_offset="0.2,0.17,0.03" local_rotation="0,0,90">
                    <requirement name="!IsFPV"/>
                </triggered_effect>
                <triggered_effect trigger="onSelfEquipStart" action="RemovePrefabFromEntity" prefab="Entities/Animals/Rabbit/RABBIT">
                    <requirement name="IsFPV"/>
                </triggered_effect>
                <triggered_effect trigger="onSelfEquipStop" action="RemovePrefabFromEntity" prefab="Entities/Animals/Rabbit/RABBIT"/>
            </effect_group>
            <effect_group tiered="false">
            <passive_effect name="EntityDamage" operation="perc_add" value="2"/>
            <passive_effect name="AttributeLevel" tags="attStrength" operation="base_add" value="2"/>
            <passive_effect name="PhysicalDamageResist" operation="base_add" value="2"/>
            <passive_effect name="HypothermalResist" operation="base_add" value="10.5,13.2"/>
            <passive_effect name="HyperthermalResist" operation="base_add" value="1.5,2.5"/>
        </effect_group>
    </item_modifier>

	<item_modifier name="Snake Friend" installable_tags="head" modifier_tags="dye" blocked_tags="noMods,clothing" type="attachment">
        <property name="CustomIcon" value="sleeperSnakeAnimal"/>
        <property name="Stacknumber" value="1"/>
		<property name="DescriptionKey" value="Snake FriendDesc"/>		
            <property name="Group" value="Mods"/>
            <property name="DropMeshfile" value="@:Other/Items/Misc/sack_droppedPrefab.prefab"/>
            <property name="EconomicValue" value="440"/>
            <effect_group tiered="false">
                <triggered_effect trigger="onSelfEquipStart" action="AttachPrefabToEntity" prefab="Entities/Animals/Snake/sleeperPose/idleSleeperSnake" parent_transform="Head" local_offset="-0.4,0,0" local_rotation="0,0,90">
                    <requirement name="!IsFPV"/>
                </triggered_effect>
                <triggered_effect trigger="onSelfEquipStart" action="RemovePrefabFromEntity" prefab="Entities/Animals/Snake/sleeperPose/idleSleeperSnake">
                    <requirement name="IsFPV"/>
                </triggered_effect>
                <triggered_effect trigger="onSelfEquipStop" action="RemovePrefabFromEntity" prefab="Entities/Animals/Snake/sleeperPose/idleSleeperSnake"/>
            </effect_group>
            <effect_group tiered="false">
            <triggered_effect trigger="onSelfEquipStart" action="AddBuff" buff="buffImpactBracing"/>
            <triggered_effect trigger="onSelfEquipStop" action="RemoveBuff" buff="buffImpactBracing"/>
            <passive_effect name="AttributeLevel" tags="attStrength" operation="base_add" value="2"/>
        </effect_group>
    </item_modifier>

	<item_modifier name="Vulture Friend" installable_tags="head" modifier_tags="dye" blocked_tags="noMods,clothing" type="attachment">
        <property name="CustomIcon" value="sleeperVultureAnimal"/>
        <property name="Stacknumber" value="1"/>
		<property name="DescriptionKey" value="Vulture FriendDesc"/>		
            <property name="Group" value="Mods"/>
            <property name="DropMeshfile" value="@:Other/Items/Misc/sack_droppedPrefab.prefab"/>
            <property name="EconomicValue" value="440"/>
            <effect_group tiered="false">
                <triggered_effect trigger="onSelfEquipStart" action="AttachPrefabToEntity" prefab="Entities/Animals/Vulture/animalVultureStandard" parent_transform="Head" local_offset="0.2,0,0" local_rotation="0,0,90">
                    <requirement name="!IsFPV"/>
                </triggered_effect>
                <triggered_effect trigger="onSelfEquipStart" action="RemovePrefabFromEntity" prefab="Entities/Animals/Vulture/animalVultureStandard">
                    <requirement name="IsFPV"/>
                </triggered_effect>
                <triggered_effect trigger="onSelfEquipStop" action="RemovePrefabFromEntity" prefab="Entities/Animals/Vulture/animalVultureStandard"/>
            </effect_group>
            <effect_group tiered="false">
            <passive_effect name="WalkSpeed" operation="perc_subtract" value=".25"/>
            <passive_effect name="RunSpeed" operation="perc_subtract" value=".25"/>
            <passive_effect name="JumpStrength" operation="perc_add" value="2.5"/>
            <passive_effect name="StaminaLoss" operation="perc_subtract" value=".5" tags="jumping"/>

            <triggered_effect trigger="onSelfJump" action="PlaySound" sound="vulturewingflap" play_in_head="true">
                <requirement name="IsItemActive"/>
            </triggered_effect>
            <triggered_effect trigger="onSelfJump" action="AddBuff" buff="buffJumpJetsAirborne"/>
            <triggered_effect trigger="onSelfEquipStart" action="AddBuff" buff="buffImpactBracing"/>
            <triggered_effect trigger="onSelfEquipStop" action="RemoveBuff" buff="buffImpactBracing"/>
        </effect_group>
    </item_modifier>

    <item_modifier name="Big Backpack" installable_tags="head" modifier_tags="dye" blocked_tags="noMods,clothing" type="attachment">
        <property name="CustomIcon" value="cntWeaponsBagLarge"/>
        <property name="Stacknumber" value="1"/>
		<property name="DescriptionKey" value="Big BackpackDesc"/>		
            <property name="Group" value="Mods"/>
            <property name="DropMeshfile" value="@:Other/Items/Misc/sack_droppedPrefab.prefab"/>
            <property name="EconomicValue" value="440"/>
            <effect_group tiered="false">
                <triggered_effect trigger="onSelfEquipStart" action="AttachPrefabToEntity" prefab="@:Entities/LootContainers/weapon_bags_largePrefab.prefab" parent_transform="Head" local_offset="0.7,0,-0.4" local_rotation="0,0,90"> <!-- A21 -->
                    <requirement name="!IsFPV"/>
                </triggered_effect>
                <triggered_effect trigger="onSelfEquipStart" action="RemovePrefabFromEntity" prefab="@:Entities/LootContainers/weapon_bags_largePrefab.prefab">
                    <requirement name="IsFPV"/>
                </triggered_effect>
                <triggered_effect trigger="onSelfEquipStop" action="RemovePrefabFromEntity" prefab="@:Entities/LootContainers/weapon_bags_largePrefab.prefab"/>
            </effect_group>
            <effect_group tiered="false">
            <passive_effect name="AttributeLevel" tags="attStrength" operation="base_add" value="2"/>
            <passive_effect name="PhysicalDamageResist" operation="base_add" value="2"/>
            <passive_effect name="CarryCapacity" operation="base_add" value="5"/>
            <display_value name="dCarryCapacity" value="5"/>
        </effect_group>
    </item_modifier>

	<item_modifier name="Pumpkin Man" installable_tags="head" modifier_tags="dye" blocked_tags="noMods,clothing" type="attachment">
        <property name="CustomIcon" value="plantedPumpkin1"/>
        <property name="Stacknumber" value="1"/>
		<property name="DescriptionKey" value="Pumpkin ManDesc"/>			
            <property name="Group" value="Mods"/>
            <property name="DropMeshfile" value="@:Other/Items/Misc/sack_droppedPrefab.prefab"/>
            <property name="EconomicValue" value="440"/>
            <effect_group tiered="false">
                <triggered_effect trigger="onSelfEquipStart" action="AttachPrefabToEntity" prefab="Entities/Plants/pumpkinHarvestPrefab" parent_transform="Head" local_offset="-0.65,0,0" local_rotation="0,0,90">
                    <requirement name="!IsFPV"/>
                </triggered_effect>
                <triggered_effect trigger="onSelfEquipStart" action="RemovePrefabFromEntity" prefab="Entities/Plants/pumpkinHarvestPrefab">
                    <requirement name="IsFPV"/>
                </triggered_effect>
                <triggered_effect trigger="onSelfEquipStop" action="RemovePrefabFromEntity" prefab="Entities/Plants/pumpkinHarvestPrefab"/>
            </effect_group>
            <effect_group tiered="false">
            <passive_effect name="AttributeLevel" tags="attStrength" operation="base_add" value="1"/>
            <passive_effect name="PhysicalDamageResist" operation="base_add" value="2"/>
            <passive_effect name="HarvestCount" operation="base_add" value="2"/>
            <display_value name="dHarvestCount" value="2"/>
        </effect_group>
    </item_modifier>

	<item_modifier name="modWeaponDurability" installable_tags="weapon" modifier_tags="durability" blocked_tags="noMods" type="attachment">
		<property name="Stacknumber" value="1"/> <property name="Group" value="Mods"/>
		<property name="DescriptionKey" value="modWeaponDurabilityDesc"/>
		<property name="DropMeshfile" value="@:Other/Items/Misc/sack_droppedPrefab.prefab"/>
		<property name="CustomIconTint" value="30,10,70"/>
		<property name="CustomIcon" value="resourceRepairKit"/>
		<!-- Increases durability, increases block efficiency, all weapons and melee -->
		<effect_group tiered="false">
			<passive_effect name="DegradationPerUse" operation="perc_add" value="-.5" tags="perkYeahScience,perkGunslinger,perkMachineGunner,perkBoomstick,perkDeadEye,perkSkullCrusher,perkDeepCuts,perkArchery,perkFlurryOfBlows,perkPummelPete,perkTheHuntsman,perkMiner69r,perkMotherLode,admin"/>
		</effect_group>
		<property name="PickupJournalEntry" value="augmentGunsTip"/>
	</item_modifier>		
		
	</append>

</configs>



