<configs>

	<insertBefore xpath="/lootcontainers/lootgroup[@name='groupGunSafeSecure']" >
	<lootgroup name="ServerSideWeapons">
	<!--Weapons-->
		<item name="meleeWpnSledgeT3SteelThorHammer" prob=".325"/>
		<item name="meleeToolAxeT3Brainsaw" prob=".325"/>
		<item name="meleeWpnPolearm" prob=".325"/>
		<item name="gunRifleT1HuntingRifleSavery" prob=".15"/>
		<item name="gunPP-19Bizon" prob=".15"/>
		<item name="gunNewcomen" prob=".15"/>
		<item name="gunRifleT3DCLXVIZeus" prob=".025"/>
		<item name="gunKronosXII" prob=".025"/>
		<item name="gunBowT3BlackWidow" prob=".025"/>
	<!--Hats/Clothing/Friends-->
		<item name="Cow Helmet" prob="0.05"/> <!--Hat Mod-->
		<item name="Pumpkin Hat" prob="0.05"/> <!--Hat Mod-->
		<item name="Magnet Hat" prob="0.05"/> <!--Hat Mod-->
		<item name="WagonWheel" prob="0.05"/> <!--Clothing Mod-->
		<item name="Rabbit Friend" prob="0.05"/> <!--Friend Mod-->
		<item name="Snake Friend" prob="0.05"/> <!--Friend Mod-->
		<item name="Vulture Friend" prob="0.05"/> <!--Friend Mod-->
		<item name="Big Backpack" prob="0.05"/> <!--Clothing Mod-->
		<item name="Pumpkin Man" prob="0.05"/> <!--Hat Mod-->
	<!--Mods-->
		<item name="modWeaponDurability" prob="0.075"/> <!--Weapon Mod-->	
	</lootgroup>
	</insertBefore>

	<append xpath="/lootcontainers/lootcontainer[@name='smallSafes']"> <!--WallSafe / DeskSafe-->
		<item group="ServerSideWeapons" count="1,2" prob="0.25"/>
	</append>
	
	<append xpath="/lootcontainers/lootcontainer[@name='gunSafe']"> <!--Gun Safe-->
		<item group="ServerSideWeapons" count="1,2" prob="0.25"/>
	</append>
	
	<append xpath="/lootcontainers/lootcontainer[@name='buriedTreasure']"> <!--Buried Loot Treasure Chest-->
		<item group="ServerSideWeapons" count="1,2" prob="0.5"/>
	</append>

	<append xpath="/lootcontainers/lootqualitytemplates">
		<lootqualitytemplate name="default_qualityT">
			<qualitytemplate level="1,999999">
				<loot quality="1" prob="0.05"/>
				<loot quality="2" prob="0.075"/>
				<loot quality="3" prob="0.125"/>
				<loot quality="4" prob="0.2"/>
				<loot quality="5" prob="0.25"/>
				<loot quality="6" prob="0.3"/>
			</qualitytemplate>
		</lootqualitytemplate>
	</append>
	
	<append xpath="/lootcontainers">	
		<lootgroup name="GreenLoot" loot_quality_template="default_qualityT">
			<item name="meleeWpnSledgeT3SteelThorHammer" prob=".25"/>
			<item name="meleeToolAxeT3Brainsaw" prob=".25"/>
			<item name="meleeWpnPolearm" prob=".25"/>
			<item name="gunRifleT1HuntingRifleSavery" prob=".066"/>
			<item name="gunPP-19Bizon" prob=".066"/>
			<item name="gunNewcomen" prob=".066"/>
			<item name="gunRifleT3DCLXVIZeus" prob=".0225"/>
			<item name="gunKronosXII" prob=".0225"/>
			<item name="gunBowT3BlackWidow" prob=".0225"/>			
		</lootgroup>
		<lootgroup name="YellowLoot" loot_quality_template="default_qualityT">
			<item name="meleeWpnSledgeT3SteelThorHammer" prob=".11"/>
			<item name="meleeToolAxeT3Brainsaw" prob=".11"/>
			<item name="meleeWpnPolearm" prob=".11"/>
			<item name="gunRifleT1HuntingRifleSavery" prob=".2"/>
			<item name="gunPP-19Bizon" prob=".2"/>
			<item name="gunNewcomen" prob=".2"/>
			<item name="gunRifleT3DCLXVIZeus" prob=".0235"/>
			<item name="gunKronosXII" prob=".0235"/>
			<item name="gunBowT3BlackWidow" prob=".0235"/>
		</lootgroup>
		<lootgroup name="RedLoot" loot_quality_template="default_qualityT">
			<item name="meleeWpnSledgeT3SteelThorHammer" prob=".02"/>
			<item name="meleeToolAxeT3Brainsaw" prob=".02"/>
			<item name="meleeWpnPolearm" prob=".02"/>
			<item name="gunRifleT1HuntingRifleSavery" prob=".22"/>
			<item name="gunPP-19Bizon" prob=".22"/>
			<item name="gunNewcomen" prob=".22"/>
			<item name="gunRifleT3DCLXVIZeus" prob=".1"/>
			<item name="gunKronosXII" prob=".1"/>
			<item name="gunBowT3BlackWidow" prob=".1"/>			
		</lootgroup>
		<lootgroup name="PurpleLoot" loot_quality_template="default_qualityT">
			<item name="meleeWpnSledgeT3SteelThorHammer" prob=".01"/>
			<item name="meleeToolAxeT3Brainsaw" prob=".01"/>
			<item name="meleeWpnPolearm" prob=".01"/>
			<item name="gunRifleT1HuntingRifleSavery" prob=".0775"/>
			<item name="gunPP-19Bizon" prob=".0775"/>
			<item name="gunNewcomen" prob=".0775"/>
			<item name="gunRifleT3DCLXVIZeus" prob=".25"/>
			<item name="gunKronosXII" prob=".25"/>
			<item name="gunBowT3BlackWidow" prob=".25"/>	
		</lootgroup>
	</append>

	<append xpath="/lootcontainers/lootgroup[@name='groupSafeBooks']"> <!--All Safes-->
		<item name="GreenTicket" prob=".2"/>
		<item name="YellowTicket" prob=".1"/>
		<item name="RedTicket" prob=".075"/>
		<item name="PurpleTicket" prob=".033"/>
	</append>

	<append xpath="/lootcontainers/lootcontainer[@name='atmLoot']"> <!-- ATM -->
		<item name="GreenTicket" prob=".2"/>
		<item name="YellowTicket" prob=".1"/>
		<item name="RedTicket" prob=".05"/>
		<item name="PurpleTicket" prob=".025"/>
	</append>	

	<insertBefore xpath="/lootcontainers/lootgroup[@name='groupZpackReg']" >
		<lootgroup name="groupZpackReg04">
			<item name="GreenTicket" prob=".5"/>
			<item name="YellowTicket" prob=".25"/>
			<item name="modWeaponDurability" prob="0.15"/>
			<item group="group9mmSmall"/>
			<item group="group762mmSmall"/>
			<item group="group44MagnumSmall" loot_prob_template="ProbT1Cap"/>
			<item group="groupShotgunShellSmall"/>
			<item group="groupArrowIronSmall" loot_prob_template="med"/>
			<item group="groupCrossbowBoltIronSmall" loot_prob_template="med"/>			
		</lootgroup>
	</insertBefore> <!-- groupAmmoSmall Fillers -->
	<insertBefore xpath="/lootcontainers/lootgroup[@name='groupZpackStrong']" >
		<lootgroup name="groupZpackStrong04">
			<item name="GreenTicket" prob=".35"/>
			<item name="YellowTicket" prob=".25"/>
			<item name="RedTicket" prob=".15"/>
			<item name="PurpleTicket" prob=".075"/>
			<item name="modWeaponDurability" prob="0.15"/>
			<item group="group9mmMedium"/>
			<item group="group762mmMedium"/>
			<item group="group44MagnumMedium" loot_prob_template="ProbT1Cap"/>
			<item group="groupShotgunShellMedium"/>
			<item group="groupArrowIronMedium" loot_prob_template="med"/>
			<item group="groupCrossbowBoltIronMedium" loot_prob_template="med"/>			
		</lootgroup>
	</insertBefore> <!-- groupAmmoMedium Fillers -->
	<insertBefore xpath="/lootcontainers/lootgroup[@name='groupZpackBoss']" >	
		<lootgroup name="groupZpackBoss04">
			<item name="GreenTicket" prob=".1"/>
			<item name="YellowTicket" prob=".1"/>
			<item name="RedTicket" prob=".1"/>
			<item name="PurpleTicket" prob=".075"/>
			<item name="modWeaponDurability" prob="0.15"/>
			<item group="group9mmLarge"/>
			<item group="group762mmLarge"/>
			<item group="group44MagnumLarge" loot_prob_template="ProbT1Cap"/>
			<item group="groupShotgunShellLarge"/>			
		</lootgroup>
	</insertBefore> <!-- groupAmmoLarge Fillers -->
	
	<append xpath="/lootcontainers/lootgroup[@name='groupZpackReg']"> <!--Regular Zombie Dropped Loot-->
		<item group="groupZpackReg04"/>
	</append>
	<append xpath="/lootcontainers/lootgroup[@name='groupZpackStrong']"> <!--Strong Zombie Dropped Loot-->
		<item group="groupZpackStrong04"/>
	</append>
	<append xpath="/lootcontainers/lootgroup[@name='groupZpackBoss']"> <!--Boss Dropped Loot-->
		<item group="groupZpackBoss04"/>
	</append>

</configs>