<configs>
	<insertAfter xpath="/quests/quest[@id='quest_tier6complete']" >
		<quest id="greenlootbox">
			<property name="name" value="Green Loot Box"/>
			<property name="description_key" value="Green Loot Box"/>
			<property name="subtitle_key" value="Green Loot Box"/>
			<property name="icon" value="ui_game_symbol_treasure"/>
			<property name="repeatable" value="true"/>
			<property name="shareable" value="true"/>
			<property name="category_key" value="quest"/>
			<property name="offer" value="Open Green Loot Box?"/>
			<property name="difficulty" value="insane"/>
			<reward type="LootItem" id="GreenLoot"/>
		</quest>
		<quest id="yellowlootbox">
			<property name="name" value="Yellow Loot Box"/>
			<property name="description_key" value="Yellow Loot Box"/>
			<property name="subtitle_key" value="Yellow Loot Box"/>
			<property name="icon" value="ui_game_symbol_treasure"/>
			<property name="repeatable" value="true"/>
			<property name="shareable" value="true"/>
			<property name="category_key" value="quest"/>
			<property name="offer" value="Open Yellow Loot Box?"/>
			<property name="difficulty" value="insane"/>
			<reward type="LootItem" id="YellowLoot"/>
		</quest>
		<quest id="redlootbox">
			<property name="name" value="Red Loot Box"/>
			<property name="description_key" value="Red Loot Box"/>
			<property name="subtitle_key" value="Red Loot Box"/>
			<property name="icon" value="ui_game_symbol_treasure"/>
			<property name="repeatable" value="true"/>
			<property name="shareable" value="true"/>
			<property name="category_key" value="quest"/>
			<property name="offer" value="Open Red Loot Box?"/>
			<property name="difficulty" value="insane"/>
			<reward type="LootItem" id="RedLoot"/>
		</quest>
		<quest id="purplelootbox">
			<property name="name" value="Purple Loot Box"/>
			<property name="description_key" value="Purple Loot Box"/>
			<property name="subtitle_key" value="Purple Loot Box"/>
			<property name="icon" value="ui_game_symbol_treasure"/>
			<property name="repeatable" value="true"/>
			<property name="shareable" value="true"/>
			<property name="category_key" value="quest"/>
			<property name="offer" value="Open Purple Loot Box?"/>
			<property name="difficulty" value="insane"/>
			<reward type="LootItem" id="PurpleLoot"/>
		</quest>		
	</insertAfter>
</configs>
