<configs>
	<insertBefore xpath="/lootcontainers/lootgroup[@name='groupGunSafeSecure']" >
	<lootgroup name="ServerSideWeapons">
		<item name="Railgun" prob=".025"/>
	</lootgroup>
	</insertBefore>

	<append xpath="/lootcontainers/lootcontainer[@name='smallSafes']"> <!--WallSafe / DeskSafe-->
		<item group="ServerSideWeapons" count="1,2" prob="0.25"/>
	</append>
	
	<append xpath="/lootcontainers/lootcontainer[@name='gunSafe']"> <!--Gun Safe-->
		<item group="ServerSideWeapons" count="1,2" prob="0.25"/>
	</append>
	
	<append xpath="/lootcontainers/lootcontainer[@name='buriedTreasure']"> <!--Buried Loot Treasure Chest-->
		<item group="ServerSideWeapons" count="1,2" prob="0.5"/>
	</append>
</configs>