<configs>
	<insertBefore xpath="/lootcontainers/lootgroup[@name='groupGunSafeSecure']" >
	<lootgroup name="ServerSideWeaponsRailgun">
		<item name="Railgun" prob=".1"/>
		<item name="RailgunAmmo" count="1,20"/>
		<item name="riflesSkillMagazine" count="1,2"/>		
	</lootgroup>
	</insertBefore>

	<append xpath="/lootcontainers/lootcontainer[@name='smallSafes']"> <!--WallSafe / DeskSafe-->
		<item group="ServerSideWeaponsRailgun" count="1,2" prob="0.25"/>
	</append>
	
	<append xpath="/lootcontainers/lootcontainer[@name='gunSafe']"> <!--Gun Safe-->
		<item group="ServerSideWeaponsRailgun" count="1,2" prob="0.25"/>
	</append>
	
	<append xpath="/lootcontainers/lootcontainer[@name='buriedTreasure']"> <!--Buried Loot Treasure Chest-->
		<item group="ServerSideWeaponsRailgun" count="1,2" prob="0.5"/>
	</append>
</configs>